sLongitude, sLatitude
9.485484, 53.958504
9.485483, 53.958504
9.485479, 53.958508
9.485459, 53.958511
9.485430, 53.958519
9.485400, 53.958530
9.485373, 53.958546
9.485355, 53.958565
9.485347, 53.958591
9.485350, 53.958622
9.485363, 53.958652
9.485386, 53.958679
9.485421, 53.958702
9.485464, 53.958706
9.485510, 53.958698
9.485562, 53.958683
9.485622, 53.958664
9.485687, 53.958641
9.485758, 53.958614
9.485832, 53.958588
9.485913, 53.958557
9.485998, 53.958530
9.486084, 53.958500
9.486173, 53.958469
9.486261, 53.958443
9.486352, 53.958412
9.486442, 53.958385
9.486526, 53.958355
9.486609, 53.958328
9.486688, 53.958298
9.486762, 53.958275
9.486830, 53.958248
9.486882, 53.958229
9.486917, 53.958214
9.486944, 53.958199
9.486955, 53.958176
9.486948, 53.958149
9.486928, 53.958118
9.486898, 53.958084
9.486859, 53.958042
9.486810, 53.957993
9.486753, 53.957939
9.486691, 53.957882
9.486630, 53.957821
9.486574, 53.957756
9.486530, 53.957684
9.486505, 53.957611
9.486494, 53.957535
9.486502, 53.957458
9.486526, 53.957382
9.486553, 53.957310
9.486579, 53.957245
9.486601, 53.957184
9.486618, 53.957130
9.486634, 53.957088
9.486656, 53.957054
9.486695, 53.957027
9.486759, 53.957008
9.486847, 53.956997
9.486952, 53.957001
9.487072, 53.957005
9.487205, 53.957005
9.487349, 53.957001
9.487505, 53.956993
9.487675, 53.956985
9.487857, 53.956978
9.488052, 53.956970
9.488259, 53.956966
9.488475, 53.956959
9.488701, 53.956955
9.488933, 53.956951
9.489169, 53.956947
9.489403, 53.956944
9.489636, 53.956940
9.489866, 53.956936
9.490095, 53.956928
9.490321, 53.956921
9.490541, 53.956913
9.490753, 53.956905
9.490960, 53.956898
9.491162, 53.956890
9.491361, 53.956882
9.491554, 53.956875
9.491740, 53.956867
9.491919, 53.956860
9.492085, 53.956852
9.492230, 53.956844
9.492355, 53.956833
9.492455, 53.956825
9.492529, 53.956821
9.492577, 53.956818
9.492601, 53.956814
9.492612, 53.956814
9.492612, 53.956814
9.492612, 53.956814
9.492612, 53.956814
9.492612, 53.956814
9.492612, 53.956814
9.492612, 53.956814
9.492612, 53.956814
9.492627, 53.956814
9.492656, 53.956810
9.492687, 53.956810
9.492714, 53.956814
9.492727, 53.956818
9.492731, 53.956818
9.492731, 53.956818
9.492731, 53.956818
9.492731, 53.956818
9.492731, 53.956818
9.492731, 53.956818
9.492761, 53.956833
9.492799, 53.956867
9.492835, 53.956917
9.492859, 53.956982
9.492867, 53.957062
9.492871, 53.957153
9.492876, 53.957260
9.492880, 53.957378
9.492885, 53.957508
9.492897, 53.957645
9.492923, 53.957790
9.492957, 53.957939
9.492992, 53.958084
9.493028, 53.958225
9.493062, 53.958363
9.493095, 53.958492
9.493127, 53.958622
9.493156, 53.958744
9.493185, 53.958866
9.493211, 53.958977
9.493235, 53.959080
9.493253, 53.959171
9.493266, 53.959248
9.493277, 53.959305
9.493290, 53.959347
9.493302, 53.959370
9.493311, 53.959381
9.493321, 53.959393
9.493346, 53.959408
9.493395, 53.959438
9.493449, 53.959480
9.493480, 53.959534
9.493473, 53.959591
9.493426, 53.959641
9.493346, 53.959671
9.493252, 53.959675
9.493159, 53.959656
9.493063, 53.959629
9.492951, 53.959606
9.492822, 53.959599
9.492676, 53.959599
9.492516, 53.959610
9.492348, 53.959633
9.492181, 53.959675
9.492023, 53.959740
9.491881, 53.959820
9.491755, 53.959923
9.491656, 53.960041
9.491588, 53.960175
9.491548, 53.960316
9.491534, 53.960476
9.491547, 53.960648
9.491577, 53.960835
9.491616, 53.961033
9.491659, 53.961243
9.491699, 53.961468
9.491736, 53.961704
9.491768, 53.961948
9.491794, 53.962200
9.491817, 53.962460
9.491842, 53.962730
9.491869, 53.963005
9.491896, 53.963291
9.491921, 53.963581
9.491942, 53.963879
9.491961, 53.964172
9.491976, 53.964470
9.491989, 53.964764
9.492002, 53.965061
9.492012, 53.965355
9.492020, 53.965652
9.492025, 53.965950
9.492027, 53.966248
9.492028, 53.966545
9.492027, 53.966843
9.492025, 53.967140
9.492023, 53.967438
9.492022, 53.967735
9.492022, 53.968037
9.492023, 53.968334
9.492024, 53.968632
9.492026, 53.968929
9.492026, 53.969227
9.492027, 53.969524
9.492029, 53.969826
9.492029, 53.970123
9.492028, 53.970421
9.492025, 53.970718
9.492022, 53.971016
9.492021, 53.971313
9.492021, 53.971611
9.492020, 53.971909
9.492018, 53.972206
9.492016, 53.972504
9.492013, 53.972801
9.492011, 53.973099
9.492010, 53.973396
9.492010, 53.973698
9.492008, 53.973995
9.492005, 53.974293
9.492002, 53.974590
9.492000, 53.974888
9.491998, 53.975185
9.491996, 53.975483
9.491994, 53.975780
9.491991, 53.976078
9.491988, 53.976376
9.491985, 53.976669
9.491982, 53.976967
9.491980, 53.977264
9.491976, 53.977562
9.491973, 53.977859
9.491971, 53.978157
9.491967, 53.978455
9.491963, 53.978752
9.491958, 53.979050
9.491945, 53.979343
9.491927, 53.979641
9.491904, 53.979939
9.491875, 53.980236
9.491842, 53.980534
9.491806, 53.980831
9.491768, 53.981129
9.491728, 53.981422
9.491685, 53.981720
9.491639, 53.982018
9.491590, 53.982315
9.491545, 53.982613
9.491496, 53.982910
9.491443, 53.983204
9.491384, 53.983501
9.491321, 53.983795
9.491251, 53.984089
9.491177, 53.984383
9.491097, 53.984676
9.491017, 53.984970
9.490933, 53.985264
9.490846, 53.985558
9.490754, 53.985847
9.490659, 53.986141
9.490560, 53.986431
9.490457, 53.986721
9.490352, 53.987011
9.490249, 53.987301
9.490142, 53.987591
9.490031, 53.987877
9.489916, 53.988167
9.489797, 53.988453
9.489677, 53.988743
9.489557, 53.989029
9.489435, 53.989319
9.489310, 53.989601
9.489184, 53.989891
9.489058, 53.990181
9.488928, 53.990471
9.488798, 53.990761
9.488665, 53.991047
9.488529, 53.991337
9.488392, 53.991623
9.488251, 53.991909
9.488109, 53.992195
9.487964, 53.992481
9.487816, 53.992767
9.487666, 53.993053
9.487514, 53.993340
9.487361, 53.993622
9.487206, 53.993904
9.487049, 53.994190
9.486891, 53.994473
9.486732, 53.994755
9.486569, 53.995037
9.486405, 53.995319
9.486239, 53.995598
9.486072, 53.995880
9.485906, 53.996159
9.485738, 53.996437
9.485569, 53.996719
9.485398, 53.996998
9.485226, 53.997276
9.485053, 53.997551
9.484877, 53.997829
9.484697, 53.998104
9.484515, 53.998379
9.484328, 53.998650
9.484138, 53.998924
9.483947, 53.999199
9.483751, 53.999470
9.483553, 53.999741
9.483353, 54.000011
9.483150, 54.000282
9.482944, 54.000553
9.482736, 54.000828
9.482524, 54.001099
9.482311, 54.001369
9.482097, 54.001644
9.481880, 54.001915
9.481663, 54.002186
9.481445, 54.002457
9.481226, 54.002728
9.481006, 54.002998
9.480784, 54.003269
9.480563, 54.003536
9.480340, 54.003807
9.480115, 54.004074
9.479888, 54.004337
9.479659, 54.004604
9.479429, 54.004868
9.479199, 54.005131
9.478966, 54.005390
9.478730, 54.005653
9.478493, 54.005913
9.478252, 54.006172
9.478011, 54.006432
9.477767, 54.006691
9.477522, 54.006947
9.477274, 54.007206
9.477024, 54.007465
9.476772, 54.007721
9.476520, 54.007980
9.476265, 54.008236
9.476008, 54.008492
9.475749, 54.008747
9.475489, 54.009003
9.475228, 54.009258
9.474965, 54.009510
9.474699, 54.009766
9.474431, 54.010017
9.474161, 54.010273
9.473890, 54.010525
9.473619, 54.010777
9.473346, 54.011024
9.473069, 54.011276
9.472789, 54.011524
9.472508, 54.011772
9.472228, 54.012020
9.471948, 54.012264
9.471665, 54.012512
9.471382, 54.012756
9.471096, 54.013004
9.470808, 54.013248
9.470519, 54.013493
9.470227, 54.013733
9.469934, 54.013977
9.469638, 54.014217
9.469339, 54.014458
9.469037, 54.014698
9.468733, 54.014935
9.468429, 54.015175
9.468122, 54.015411
9.467813, 54.015648
9.467505, 54.015884
9.467196, 54.016121
9.466885, 54.016354
9.466572, 54.016586
9.466254, 54.016819
9.465935, 54.017052
9.465611, 54.017281
9.465283, 54.017513
9.464953, 54.017742
9.464624, 54.017967
9.464293, 54.018192
9.463961, 54.018417
9.463629, 54.018642
9.463298, 54.018867
9.462965, 54.019093
9.462633, 54.019314
9.462300, 54.019539
9.461967, 54.019760
9.461633, 54.019981
9.461295, 54.020199
9.460957, 54.020416
9.460617, 54.020634
9.460277, 54.020851
9.459935, 54.021065
9.459594, 54.021282
9.459249, 54.021500
9.458903, 54.021713
9.458554, 54.021931
9.458202, 54.022144
9.457850, 54.022354
9.457495, 54.022568
9.457138, 54.022774
9.456779, 54.022984
9.456414, 54.023190
9.456048, 54.023396
9.455679, 54.023602
9.455309, 54.023808
9.454941, 54.024010
9.454574, 54.024212
9.454209, 54.024410
9.453844, 54.024609
9.453480, 54.024807
9.453116, 54.025002
9.452753, 54.025196
9.452390, 54.025391
9.452022, 54.025585
9.451652, 54.025780
9.451281, 54.025970
9.450907, 54.026161
9.450532, 54.026352
9.450155, 54.026539
9.449778, 54.026726
9.449400, 54.026917
9.449022, 54.027103
9.448645, 54.027290
9.448268, 54.027477
9.447892, 54.027664
9.447515, 54.027851
9.447139, 54.028034
9.446765, 54.028221
9.446392, 54.028400
9.446023, 54.028584
9.445661, 54.028759
9.445307, 54.028934
9.444964, 54.029102
9.444639, 54.029263
9.444339, 54.029419
9.444056, 54.029564
9.443785, 54.029697
9.443525, 54.029827
9.443277, 54.029945
9.443045, 54.030056
9.442822, 54.030163
9.442606, 54.030266
9.442396, 54.030361
9.442195, 54.030460
9.442004, 54.030556
9.441825, 54.030655
9.441666, 54.030762
9.441539, 54.030869
9.441455, 54.030975
9.441415, 54.031078
9.441419, 54.031174
9.441460, 54.031269
9.441534, 54.031353
9.441636, 54.031425
9.441755, 54.031487
9.441891, 54.031532
9.442038, 54.031559
9.442190, 54.031567
9.442345, 54.031551
9.442496, 54.031517
9.442645, 54.031467
9.442789, 54.031403
9.442927, 54.031322
9.443066, 54.031235
9.443205, 54.031151
9.443343, 54.031063
9.443480, 54.030979
9.443611, 54.030895
9.443721, 54.030819
9.443810, 54.030754
9.443885, 54.030697
9.443940, 54.030647
9.443969, 54.030609
9.443984, 54.030571
9.443974, 54.030525
9.443932, 54.030472
9.443857, 54.030415
9.443762, 54.030350
9.443653, 54.030273
9.443528, 54.030182
9.443389, 54.030075
9.443237, 54.029961
9.443074, 54.029839
9.442897, 54.029701
9.442704, 54.029560
9.442495, 54.029404
9.442274, 54.029240
9.442040, 54.029068
9.441798, 54.028885
9.441546, 54.028698
9.441293, 54.028503
9.441039, 54.028301
9.440780, 54.028099
9.440516, 54.027897
9.440247, 54.027695
9.439972, 54.027489
9.439696, 54.027290
9.439422, 54.027096
9.439142, 54.026901
9.438850, 54.026722
9.438543, 54.026550
9.438219, 54.026394
9.437879, 54.026253
9.437522, 54.026131
9.437157, 54.026016
9.436787, 54.025906
9.436416, 54.025799
9.436049, 54.025692
9.435692, 54.025589
9.435336, 54.025490
9.434978, 54.025402
9.434615, 54.025326
9.434248, 54.025261
9.433878, 54.025204
9.433504, 54.025150
9.433128, 54.025101
9.432755, 54.025051
9.432386, 54.025002
9.432026, 54.024952
9.431676, 54.024906
9.431335, 54.024860
9.431000, 54.024815
9.430670, 54.024776
9.430346, 54.024738
9.430028, 54.024704
9.429714, 54.024673
9.429398, 54.024651
9.429082, 54.024632
9.428771, 54.024620
9.428467, 54.024609
9.428173, 54.024601
9.427886, 54.024593
9.427611, 54.024586
9.427349, 54.024574
9.427098, 54.024570
9.426859, 54.024563
9.426634, 54.024559
9.426423, 54.024551
9.426225, 54.024548
9.426042, 54.024544
9.425868, 54.024544
9.425693, 54.024540
9.425505, 54.024536
9.425301, 54.024532
9.425079, 54.024529
9.424841, 54.024529
9.424590, 54.024525
9.424329, 54.024525
9.424060, 54.024525
9.423786, 54.024529
9.423505, 54.024532
9.423217, 54.024540
9.422922, 54.024548
9.422625, 54.024563
9.422326, 54.024582
9.422026, 54.024616
9.421723, 54.024658
9.421420, 54.024719
9.421121, 54.024792
9.420826, 54.024879
9.420534, 54.024979
9.420249, 54.025082
9.419974, 54.025192
9.419703, 54.025295
9.419436, 54.025398
9.419176, 54.025497
9.418921, 54.025597
9.418673, 54.025696
9.418428, 54.025791
9.418189, 54.025883
9.417954, 54.025970
9.417724, 54.026058
9.417498, 54.026146
9.417276, 54.026234
9.417055, 54.026321
9.416834, 54.026405
9.416613, 54.026493
9.416394, 54.026577
9.416181, 54.026657
9.415973, 54.026733
9.415769, 54.026806
9.415568, 54.026878
9.415370, 54.026951
9.415174, 54.027020
9.414974, 54.027092
9.414770, 54.027157
9.414557, 54.027218
9.414344, 54.027279
9.414129, 54.027336
9.413911, 54.027382
9.413690, 54.027420
9.413463, 54.027451
9.413232, 54.027473
9.412994, 54.027485
9.412752, 54.027485
9.412503, 54.027477
9.412241, 54.027462
9.411969, 54.027431
9.411691, 54.027390
9.411407, 54.027336
9.411124, 54.027279
9.410840, 54.027214
9.410555, 54.027145
9.410271, 54.027077
9.409986, 54.027008
9.409700, 54.026939
9.409418, 54.026871
9.409134, 54.026802
9.408848, 54.026730
9.408560, 54.026661
9.408273, 54.026592
9.407987, 54.026524
9.407699, 54.026455
9.407407, 54.026386
9.407113, 54.026318
9.406818, 54.026241
9.406522, 54.026161
9.406224, 54.026073
9.405930, 54.025986
9.405639, 54.025890
9.405346, 54.025795
9.405052, 54.025700
9.404756, 54.025608
9.404458, 54.025520
9.404154, 54.025448
9.403843, 54.025394
9.403528, 54.025364
9.403208, 54.025352
9.402883, 54.025360
9.402561, 54.025387
9.402240, 54.025433
9.401918, 54.025490
9.401602, 54.025551
9.401292, 54.025620
9.400985, 54.025673
9.400675, 54.025723
9.400359, 54.025753
9.400042, 54.025764
9.399725, 54.025761
9.399414, 54.025738
9.399111, 54.025692
9.398817, 54.025635
9.398536, 54.025558
9.398269, 54.025463
9.398016, 54.025349
9.397774, 54.025223
9.397541, 54.025078
9.397312, 54.024925
9.397086, 54.024761
9.396858, 54.024590
9.396631, 54.024414
9.396406, 54.024242
9.396181, 54.024071
9.395956, 54.023907
9.395732, 54.023743
9.395505, 54.023586
9.395272, 54.023434
9.395037, 54.023289
9.394794, 54.023151
9.394540, 54.023026
9.394277, 54.022911
9.394004, 54.022797
9.393721, 54.022694
9.393428, 54.022594
9.393130, 54.022507
9.392831, 54.022427
9.392529, 54.022354
9.392229, 54.022285
9.391929, 54.022221
9.391633, 54.022160
9.391352, 54.022102
9.391084, 54.022049
9.390833, 54.021999
9.390604, 54.021954
9.390392, 54.021912
9.390190, 54.021873
9.389994, 54.021839
9.389797, 54.021801
9.389601, 54.021774
9.389406, 54.021748
9.389217, 54.021729
9.389036, 54.021706
9.388866, 54.021675
9.388712, 54.021629
9.388567, 54.021576
9.388416, 54.021530
9.388252, 54.021492
9.388077, 54.021461
9.387895, 54.021427
9.387709, 54.021393
9.387518, 54.021358
9.387322, 54.021324
9.387120, 54.021290
9.386913, 54.021255
9.386703, 54.021221
9.386488, 54.021191
9.386268, 54.021156
9.386044, 54.021122
9.385819, 54.021088
9.385596, 54.021057
9.385373, 54.021027
9.385149, 54.020996
9.384922, 54.020962
9.384692, 54.020931
9.384458, 54.020901
9.384224, 54.020866
9.383996, 54.020836
9.383774, 54.020805
9.383557, 54.020779
9.383342, 54.020752
9.383125, 54.020721
9.382908, 54.020695
9.382691, 54.020664
9.382476, 54.020638
9.382261, 54.020611
9.382048, 54.020580
9.381835, 54.020554
9.381620, 54.020523
9.381406, 54.020493
9.381190, 54.020462
9.380975, 54.020432
9.380760, 54.020405
9.380545, 54.020374
9.380330, 54.020344
9.380116, 54.020313
9.379900, 54.020283
9.379683, 54.020252
9.379468, 54.020222
9.379249, 54.020187
9.379029, 54.020157
9.378811, 54.020123
9.378593, 54.020092
9.378378, 54.020061
9.378165, 54.020035
9.377954, 54.020004
9.377751, 54.019978
9.377559, 54.019951
9.377379, 54.019924
9.377214, 54.019901
9.377066, 54.019882
9.376941, 54.019863
9.376841, 54.019848
9.376760, 54.019836
9.376693, 54.019821
9.376636, 54.019806
9.376590, 54.019791
9.376560, 54.019772
9.376542, 54.019749
9.376534, 54.019722
9.376546, 54.019680
9.376577, 54.019634
9.376622, 54.019577
9.376670, 54.019508
9.376719, 54.019428
9.376766, 54.019344
9.376805, 54.019253
9.376837, 54.019154
9.376864, 54.019051
9.376886, 54.018948
9.376907, 54.018837
9.376929, 54.018726
9.376950, 54.018612
9.376974, 54.018497
9.377001, 54.018383
9.377028, 54.018265
9.377063, 54.018147
9.377112, 54.018032
9.377177, 54.017921
9.377250, 54.017811
9.377326, 54.017704
9.377406, 54.017593
9.377493, 54.017483
9.377580, 54.017365
9.377669, 54.017250
9.377759, 54.017132
9.377850, 54.017014
9.377939, 54.016895
9.378029, 54.016777
9.378119, 54.016659
9.378218, 54.016544
9.378318, 54.016426
9.378424, 54.016315
9.378539, 54.016205
9.378665, 54.016098
9.378798, 54.015991
9.378938, 54.015888
9.379077, 54.015781
9.379216, 54.015675
9.379358, 54.015560
9.379502, 54.015446
9.379648, 54.015335
9.379795, 54.015221
9.379945, 54.015106
9.380100, 54.014988
9.380262, 54.014870
9.380427, 54.014748
9.380593, 54.014622
9.380759, 54.014496
9.380924, 54.014370
9.381087, 54.014244
9.381248, 54.014118
9.381413, 54.013992
9.381580, 54.013866
9.381747, 54.013741
9.381915, 54.013615
9.382084, 54.013489
9.382254, 54.013359
9.382423, 54.013233
9.382591, 54.013103
9.382758, 54.012978
9.382924, 54.012852
9.383088, 54.012730
9.383249, 54.012611
9.383404, 54.012489
9.383538, 54.012363
9.383649, 54.012238
9.383728, 54.012100
9.383768, 54.011959
9.383767, 54.011814
9.383725, 54.011669
9.383648, 54.011520
9.383546, 54.011372
9.383430, 54.011211
9.383309, 54.011047
9.383183, 54.010872
9.383057, 54.010693
9.382928, 54.010509
9.382797, 54.010326
9.382676, 54.010136
9.382574, 54.009941
9.382501, 54.009739
9.382455, 54.009533
9.382423, 54.009315
9.382398, 54.009090
9.382373, 54.008862
9.382348, 54.008629
9.382324, 54.008396
9.382297, 54.008160
9.382268, 54.007923
9.382238, 54.007687
9.382212, 54.007454
9.382183, 54.007217
9.382154, 54.006981
9.382126, 54.006741
9.382098, 54.006504
9.382070, 54.006271
9.382035, 54.006039
9.381991, 54.005810
9.381928, 54.005581
9.381846, 54.005356
9.381755, 54.005142
9.381660, 54.004936
9.381571, 54.004742
9.381487, 54.004562
9.381407, 54.004398
9.381334, 54.004242
9.381267, 54.004101
9.381204, 54.003971
9.381146, 54.003845
9.381090, 54.003719
9.381036, 54.003597
9.380980, 54.003475
9.380922, 54.003353
9.380862, 54.003231
9.380804, 54.003109
9.380747, 54.002991
9.380689, 54.002869
9.380631, 54.002747
9.380575, 54.002628
9.380521, 54.002510
9.380466, 54.002388
9.380410, 54.002270
9.380354, 54.002151
9.380298, 54.002037
9.380244, 54.001919
9.380194, 54.001797
9.380144, 54.001678
9.380089, 54.001564
9.380034, 54.001446
9.379989, 54.001328
9.379951, 54.001209
9.379923, 54.001091
9.379902, 54.000977
9.379882, 54.000858
9.379864, 54.000744
9.379848, 54.000633
9.379835, 54.000534
9.379823, 54.000450
9.379811, 54.000381
9.379802, 54.000320
9.379794, 54.000271
9.379787, 54.000229
9.379782, 54.000191
9.379777, 54.000156
9.379772, 54.000130
9.379767, 54.000099
9.379764, 54.000076
9.379761, 54.000050
9.379762, 54.000027
9.379771, 53.999992
9.379783, 53.999954
9.379786, 53.999912
9.379778, 53.999863
9.379762, 53.999805
9.379745, 53.999741
9.379731, 53.999668
9.379719, 53.999588
9.379706, 53.999500
9.379693, 53.999409
9.379678, 53.999310
9.379665, 53.999210
9.379652, 53.999104
9.379637, 53.998997
9.379624, 53.998886
9.379613, 53.998775
9.379601, 53.998665
9.379586, 53.998558
9.379573, 53.998451
9.379560, 53.998356
9.379546, 53.998268
9.379535, 53.998188
9.379525, 53.998123
9.379517, 53.998066
9.379510, 53.998024
9.379507, 53.997997
9.379508, 53.997978
9.379517, 53.997963
9.379543, 53.997944
9.379597, 53.997921
9.379681, 53.997902
9.379790, 53.997883
9.379922, 53.997868
9.380067, 53.997837
9.380223, 53.997795
9.380381, 53.997742
9.380534, 53.997677
9.380679, 53.997597
9.380819, 53.997505
9.380959, 53.997398
9.381100, 53.997284
9.381240, 53.997166
9.381377, 53.997047
9.381517, 53.996929
9.381659, 53.996811
9.381802, 53.996693
9.381948, 53.996574
9.382096, 53.996456
9.382239, 53.996338
9.382382, 53.996220
9.382524, 53.996101
9.382664, 53.995979
9.382805, 53.995861
9.382946, 53.995739
9.383088, 53.995617
9.383232, 53.995499
9.383376, 53.995377
9.383520, 53.995255
9.383663, 53.995129
9.383806, 53.995007
9.383950, 53.994884
9.384091, 53.994762
9.384233, 53.994640
9.384375, 53.994522
9.384513, 53.994408
9.384648, 53.994289
9.384786, 53.994175
9.384925, 53.994061
9.385064, 53.993946
9.385201, 53.993835
9.385338, 53.993721
9.385472, 53.993610
9.385606, 53.993500
9.385735, 53.993389
9.385857, 53.993279
9.385970, 53.993176
9.386081, 53.993073
9.386175, 53.992970
9.386252, 53.992863
9.386319, 53.992752
9.386379, 53.992638
9.386425, 53.992523
9.386459, 53.992401
9.386481, 53.992279
9.386492, 53.992153
9.386495, 53.992027
9.386494, 53.991898
9.386495, 53.991772
9.386495, 53.991642
9.386496, 53.991512
9.386497, 53.991383
9.386499, 53.991253
9.386502, 53.991119
9.386509, 53.990986
9.386511, 53.990852
9.386512, 53.990723
9.386514, 53.990589
9.386518, 53.990459
9.386521, 53.990326
9.386526, 53.990196
9.386529, 53.990070
9.386532, 53.989941
9.386534, 53.989815
9.386535, 53.989689
9.386535, 53.989563
9.386535, 53.989437
9.386535, 53.989311
9.386536, 53.989182
9.386538, 53.989059
9.386539, 53.988934
9.386542, 53.988811
9.386548, 53.988689
9.386553, 53.988571
9.386561, 53.988449
9.386581, 53.988335
9.386613, 53.988216
9.386657, 53.988106
9.386711, 53.987999
9.386776, 53.987892
9.386842, 53.987785
9.386909, 53.987682
9.386982, 53.987579
9.387057, 53.987480
9.387134, 53.987381
9.387207, 53.987286
9.387278, 53.987186
9.387348, 53.987087
9.387425, 53.986980
9.387507, 53.986870
9.387594, 53.986752
9.387682, 53.986629
9.387774, 53.986500
9.387868, 53.986366
9.387968, 53.986225
9.388076, 53.986076
9.388192, 53.985920
9.388315, 53.985752
9.388443, 53.985584
9.388570, 53.985416
9.388692, 53.985252
9.388811, 53.985096
9.388927, 53.984936
9.389043, 53.984772
9.389159, 53.984608
9.389278, 53.984447
9.389400, 53.984283
9.389524, 53.984123
9.389647, 53.983963
9.389771, 53.983803
9.389892, 53.983643
9.390013, 53.983482
9.390134, 53.983322
9.390255, 53.983162
9.390373, 53.983002
9.390491, 53.982841
9.390611, 53.982681
9.390729, 53.982521
9.390847, 53.982365
9.390966, 53.982204
9.391086, 53.982044
9.391205, 53.981880
9.391324, 53.981716
9.391446, 53.981552
9.391568, 53.981384
9.391691, 53.981224
9.391812, 53.981064
9.391931, 53.980904
9.392049, 53.980743
9.392171, 53.980587
9.392295, 53.980427
9.392420, 53.980267
9.392544, 53.980106
9.392668, 53.979946
9.392792, 53.979786
9.392918, 53.979630
9.393043, 53.979469
9.393167, 53.979309
9.393293, 53.979145
9.393420, 53.978989
9.393554, 53.978825
9.393682, 53.978664
9.393810, 53.978504
9.393938, 53.978344
9.394065, 53.978184
9.394189, 53.978024
9.394314, 53.977867
9.394443, 53.977707
9.394569, 53.977547
9.394695, 53.977386
9.394819, 53.977226
9.394944, 53.977066
9.395069, 53.976906
9.395193, 53.976746
9.395318, 53.976585
9.395444, 53.976421
9.395569, 53.976261
9.395693, 53.976101
9.395817, 53.975937
9.395941, 53.975777
9.396066, 53.975616
9.396193, 53.975456
9.396319, 53.975292
9.396446, 53.975132
9.396570, 53.974972
9.396692, 53.974812
9.396816, 53.974651
9.396941, 53.974487
9.397066, 53.974323
9.397195, 53.974159
9.397325, 53.973999
9.397451, 53.973835
9.397577, 53.973675
9.397701, 53.973511
9.397826, 53.973351
9.397951, 53.973186
9.398079, 53.973022
9.398208, 53.972858
9.398339, 53.972691
9.398467, 53.972530
9.398593, 53.972366
9.398717, 53.972202
9.398840, 53.972042
9.398962, 53.971882
9.399079, 53.971729
9.399191, 53.971581
9.399297, 53.971439
9.399400, 53.971306
9.399504, 53.971169
9.399607, 53.971035
9.399710, 53.970901
9.399813, 53.970768
9.399916, 53.970634
9.400021, 53.970501
9.400123, 53.970371
9.400222, 53.970242
9.400318, 53.970112
9.400414, 53.969986
9.400507, 53.969860
9.400602, 53.969738
9.400700, 53.969612
9.400796, 53.969482
9.400890, 53.969357
9.400984, 53.969231
9.401076, 53.969105
9.401164, 53.968979
9.401249, 53.968853
9.401333, 53.968727
9.401416, 53.968605
9.401501, 53.968479
9.401586, 53.968357
9.401672, 53.968231
9.401760, 53.968109
9.401848, 53.967987
9.401936, 53.967865
9.402021, 53.967743
9.402102, 53.967621
9.402184, 53.967503
9.402267, 53.967381
9.402350, 53.967258
9.402435, 53.967136
9.402522, 53.967014
9.402610, 53.966892
9.402699, 53.966770
9.402790, 53.966652
9.402886, 53.966534
9.402987, 53.966419
9.403100, 53.966305
9.403223, 53.966194
9.403353, 53.966087
9.403491, 53.965988
9.403637, 53.965889
9.403788, 53.965797
9.403944, 53.965710
9.404105, 53.965626
9.404274, 53.965549
9.404448, 53.965477
9.404630, 53.965412
9.404818, 53.965351
9.405009, 53.965294
9.405207, 53.965244
9.405406, 53.965195
9.405606, 53.965153
9.405808, 53.965111
9.406013, 53.965069
9.406216, 53.965027
9.406415, 53.964973
9.406610, 53.964916
9.406799, 53.964855
9.406981, 53.964787
9.407156, 53.964710
9.407322, 53.964626
9.407480, 53.964539
9.407630, 53.964447
9.407773, 53.964352
9.407907, 53.964249
9.408034, 53.964142
9.408151, 53.964031
9.408253, 53.963921
9.408342, 53.963802
9.408415, 53.963680
9.408482, 53.963558
9.408545, 53.963432
9.408606, 53.963306
9.408664, 53.963184
9.408724, 53.963058
9.408787, 53.962936
9.408853, 53.962814
9.408922, 53.962692
9.408998, 53.962574
9.409081, 53.962456
9.409169, 53.962341
9.409264, 53.962227
9.409363, 53.962112
9.409469, 53.962002
9.409580, 53.961895
9.409699, 53.961788
9.409825, 53.961685
9.409956, 53.961586
9.410091, 53.961487
9.410231, 53.961391
9.410373, 53.961300
9.410521, 53.961208
9.410671, 53.961117
9.410824, 53.961025
9.410977, 53.960934
9.411130, 53.960846
9.411283, 53.960754
9.411438, 53.960663
9.411592, 53.960575
9.411745, 53.960484
9.411897, 53.960392
9.412045, 53.960300
9.412190, 53.960205
9.412332, 53.960110
9.412469, 53.960011
9.412602, 53.959911
9.412734, 53.959808
9.412863, 53.959705
9.412988, 53.959595
9.413109, 53.959484
9.413222, 53.959377
9.413331, 53.959267
9.413440, 53.959156
9.413550, 53.959042
9.413663, 53.958920
9.413771, 53.958797
9.413875, 53.958672
9.413977, 53.958538
9.414075, 53.958408
9.414167, 53.958275
9.414260, 53.958141
9.414352, 53.958008
9.414443, 53.957867
9.414532, 53.957726
9.414614, 53.957577
9.414683, 53.957424
9.414742, 53.957264
9.414791, 53.957100
9.414833, 53.956936
9.414865, 53.956768
9.414886, 53.956596
9.414893, 53.956417
9.414886, 53.956234
9.414867, 53.956047
9.414837, 53.955856
9.414801, 53.955662
9.414767, 53.955456
9.414742, 53.955250
9.414741, 53.955036
9.414763, 53.954826
9.414808, 53.954613
9.414872, 53.954403
9.414953, 53.954193
9.415049, 53.953987
9.415154, 53.953785
9.415268, 53.953583
9.415394, 53.953381
9.415528, 53.953178
9.415667, 53.952976
9.415809, 53.952778
9.415955, 53.952583
9.416102, 53.952385
9.416252, 53.952190
9.416404, 53.951992
9.416558, 53.951794
9.416714, 53.951595
9.416871, 53.951397
9.417025, 53.951199
9.417177, 53.951004
9.417328, 53.950806
9.417478, 53.950611
9.417625, 53.950413
9.417772, 53.950218
9.417917, 53.950020
9.418060, 53.949825
9.418204, 53.949627
9.418344, 53.949429
9.418480, 53.949226
9.418608, 53.949024
9.418725, 53.948818
9.418827, 53.948612
9.418913, 53.948414
9.418976, 53.948215
9.419012, 53.948029
9.419029, 53.947853
9.419024, 53.947685
9.419001, 53.947525
9.418959, 53.947376
9.418898, 53.947227
9.418821, 53.947086
9.418733, 53.946949
9.418634, 53.946819
9.418526, 53.946697
9.418406, 53.946583
9.418276, 53.946480
9.418143, 53.946381
9.418012, 53.946285
9.417882, 53.946190
9.417760, 53.946095
9.417652, 53.945992
9.417558, 53.945889
9.417479, 53.945778
9.417417, 53.945660
9.417371, 53.945541
9.417330, 53.945423
9.417289, 53.945305
9.417245, 53.945187
9.417198, 53.945068
9.417150, 53.944950
9.417099, 53.944836
9.417049, 53.944717
9.416998, 53.944599
9.416946, 53.944481
9.416894, 53.944359
9.416842, 53.944241
9.416793, 53.944118
9.416745, 53.943996
9.416702, 53.943874
9.416667, 53.943752
9.416645, 53.943634
9.416636, 53.943512
9.416638, 53.943390
9.416655, 53.943264
9.416677, 53.943142
9.416708, 53.943024
9.416751, 53.942902
9.416807, 53.942783
9.416877, 53.942669
9.416957, 53.942554
9.417047, 53.942444
9.417149, 53.942337
9.417262, 53.942234
9.417388, 53.942135
9.417526, 53.942043
9.417677, 53.941956
9.417839, 53.941879
9.418011, 53.941811
9.418188, 53.941742
9.418365, 53.941677
9.418545, 53.941612
9.418724, 53.941547
9.418903, 53.941483
9.419081, 53.941418
9.419257, 53.941349
9.419435, 53.941284
9.419611, 53.941219
9.419787, 53.941154
9.419966, 53.941090
9.420143, 53.941025
9.420321, 53.940956
9.420498, 53.940891
9.420671, 53.940823
9.420845, 53.940750
9.421016, 53.940678
9.421185, 53.940601
9.421350, 53.940525
9.421510, 53.940441
9.421665, 53.940357
9.421815, 53.940266
9.421962, 53.940174
9.422103, 53.940079
9.422235, 53.939976
9.422359, 53.939873
9.422472, 53.939762
9.422581, 53.939651
9.422688, 53.939541
9.422791, 53.939426
9.422890, 53.939312
9.422988, 53.939194
9.423083, 53.939079
9.423176, 53.938961
9.423267, 53.938843
9.423360, 53.938728
9.423452, 53.938610
9.423544, 53.938496
9.423635, 53.938381
9.423719, 53.938263
9.423797, 53.938145
9.423858, 53.938026
9.423905, 53.937901
9.423944, 53.937775
9.423982, 53.937649
9.424024, 53.937527
9.424078, 53.937405
9.424146, 53.937283
9.424232, 53.937164
9.424338, 53.937050
9.424460, 53.936943
9.424601, 53.936848
9.424758, 53.936760
9.424928, 53.936680
9.425102, 53.936604
9.425279, 53.936531
9.425458, 53.936459
9.425637, 53.936390
9.425817, 53.936321
9.425995, 53.936253
9.426170, 53.936180
9.426346, 53.936111
9.426519, 53.936039
9.426694, 53.935963
9.426869, 53.935890
9.427043, 53.935818
9.427215, 53.935741
9.427384, 53.935661
9.427552, 53.935581
9.427714, 53.935493
9.427869, 53.935402
9.428016, 53.935303
9.428156, 53.935204
9.428290, 53.935097
9.428420, 53.934990
9.428541, 53.934883
9.428653, 53.934772
9.428753, 53.934658
9.428845, 53.934540
9.428926, 53.934422
9.428997, 53.934299
9.429060, 53.934177
9.429112, 53.934055
9.429157, 53.933929
9.429195, 53.933815
9.429223, 53.933720
9.429243, 53.933643
9.429259, 53.933590
9.429275, 53.933552
9.429285, 53.933525
9.429283, 53.933487
9.429266, 53.933434
9.429236, 53.933353
9.429204, 53.933258
9.429176, 53.933151
9.429153, 53.933037
9.429132, 53.932919
9.429111, 53.932800
9.429092, 53.932682
9.429082, 53.932560
9.429080, 53.932442
9.429088, 53.932320
9.429100, 53.932198
9.429118, 53.932072
9.429141, 53.931950
9.429166, 53.931820
9.429192, 53.931690
9.429214, 53.931557
9.429235, 53.931431
9.429258, 53.931301
9.429283, 53.931179
9.429309, 53.931065
9.429331, 53.930958
9.429352, 53.930866
9.429371, 53.930782
9.429384, 53.930710
9.429395, 53.930649
9.429403, 53.930599
9.429411, 53.930561
9.429416, 53.930531
9.429420, 53.930511
9.429422, 53.930504
9.429424, 53.930504
9.429424, 53.930504
9.429424, 53.930504
9.429424, 53.930504
9.429424, 53.930504
9.429424, 53.930504
9.429424, 53.930504
9.429441, 53.930492
9.429483, 53.930473
9.429553, 53.930458
9.429648, 53.930450
9.429769, 53.930458
9.429916, 53.930470
9.430089, 53.930489
9.430290, 53.930508
9.430516, 53.930531
9.430764, 53.930553
9.431033, 53.930573
9.431325, 53.930592
9.431642, 53.930607
9.431983, 53.930618
9.432346, 53.930626
9.432732, 53.930622
9.433133, 53.930614
9.433540, 53.930599
9.433949, 53.930580
9.434357, 53.930557
9.434763, 53.930531
9.435167, 53.930500
9.435573, 53.930470
9.435978, 53.930439
9.436382, 53.930408
9.436787, 53.930378
9.437191, 53.930347
9.437593, 53.930317
9.437997, 53.930283
9.438398, 53.930252
9.438798, 53.930218
9.439200, 53.930183
9.439601, 53.930149
9.440001, 53.930119
9.440404, 53.930084
9.440807, 53.930054
9.441212, 53.930023
9.441616, 53.929993
9.442021, 53.929962
9.442428, 53.929932
9.442834, 53.929897
9.443239, 53.929867
9.443645, 53.929832
9.444051, 53.929802
9.444457, 53.929768
9.444862, 53.929737
9.445268, 53.929707
9.445671, 53.929672
9.446073, 53.929638
9.446473, 53.929607
9.446874, 53.929569
9.447274, 53.929539
9.447675, 53.929504
9.448076, 53.929470
9.448480, 53.929436
9.448883, 53.929405
9.449288, 53.929371
9.449695, 53.929340
9.450099, 53.929306
9.450502, 53.929276
9.450902, 53.929245
9.451295, 53.929214
9.451682, 53.929184
9.452063, 53.929153
9.452437, 53.929123
9.452806, 53.929096
9.453168, 53.929066
9.453526, 53.929039
9.453883, 53.929008
9.454241, 53.928982
9.454597, 53.928951
9.454951, 53.928925
9.455306, 53.928898
9.455660, 53.928867
9.456013, 53.928837
9.456360, 53.928810
9.456699, 53.928783
9.457033, 53.928757
9.457362, 53.928730
9.457684, 53.928703
9.458000, 53.928677
9.458311, 53.928654
9.458620, 53.928627
9.458927, 53.928604
9.459228, 53.928581
9.459521, 53.928558
9.459806, 53.928535
9.460079, 53.928513
9.460338, 53.928490
9.460586, 53.928471
9.460822, 53.928452
9.461053, 53.928432
9.461280, 53.928417
9.461501, 53.928398
9.461719, 53.928387
9.461934, 53.928375
9.462151, 53.928368
9.462367, 53.928371
9.462584, 53.928379
9.462801, 53.928391
9.463019, 53.928406
9.463239, 53.928429
9.463459, 53.928455
9.463676, 53.928486
9.463888, 53.928520
9.464098, 53.928558
9.464308, 53.928600
9.464515, 53.928650
9.464721, 53.928699
9.464927, 53.928745
9.465133, 53.928795
9.465340, 53.928841
9.465549, 53.928890
9.465755, 53.928940
9.465960, 53.928993
9.466158, 53.929050
9.466351, 53.929115
9.466534, 53.929184
9.466703, 53.929264
9.466864, 53.929348
9.467010, 53.929440
9.467142, 53.929543
9.467270, 53.929646
9.467392, 53.929752
9.467505, 53.929859
9.467612, 53.929970
9.467716, 53.930077
9.467822, 53.930183
9.467932, 53.930290
9.468047, 53.930397
9.468173, 53.930496
9.468306, 53.930592
9.468451, 53.930683
9.468606, 53.930763
9.468761, 53.930836
9.468912, 53.930908
9.469057, 53.930973
9.469195, 53.931038
9.469330, 53.931099
9.469460, 53.931164
9.469588, 53.931221
9.469716, 53.931282
9.469846, 53.931343
9.469985, 53.931400
9.470134, 53.931454
9.470292, 53.931507
9.470452, 53.931557
9.470612, 53.931602
9.470771, 53.931648
9.470928, 53.931694
9.471087, 53.931740
9.471244, 53.931793
9.471401, 53.931847
9.471562, 53.931896
9.471726, 53.931942
9.471891, 53.931988
9.472057, 53.932034
9.472223, 53.932079
9.472388, 53.932121
9.472550, 53.932167
9.472709, 53.932213
9.472870, 53.932259
9.473035, 53.932297
9.473206, 53.932339
9.473378, 53.932381
9.473551, 53.932426
9.473723, 53.932476
9.473897, 53.932526
9.474072, 53.932575
9.474251, 53.932625
9.474432, 53.932674
9.474617, 53.932728
9.474801, 53.932777
9.474982, 53.932827
9.475160, 53.932877
9.475337, 53.932926
9.475515, 53.932976
9.475690, 53.933025
9.475860, 53.933075
9.476026, 53.933121
9.476189, 53.933167
9.476351, 53.933212
9.476516, 53.933254
9.476682, 53.933285
9.476852, 53.933308
9.477026, 53.933319
9.477195, 53.933311
9.477359, 53.933292
9.477521, 53.933270
9.477684, 53.933243
9.477848, 53.933220
9.478016, 53.933212
9.478186, 53.933220
9.478348, 53.933250
9.478494, 53.933296
9.478615, 53.933357
9.478720, 53.933426
9.478822, 53.933498
9.478932, 53.933567
9.479056, 53.933632
9.479198, 53.933681
9.479350, 53.933716
9.479515, 53.933727
9.479685, 53.933720
9.479860, 53.933697
9.480046, 53.933666
9.480241, 53.933636
9.480444, 53.933605
9.480653, 53.933571
9.480866, 53.933540
9.481082, 53.933506
9.481297, 53.933475
9.481510, 53.933441
9.481719, 53.933407
9.481922, 53.933380
9.482117, 53.933350
9.482308, 53.933319
9.482490, 53.933285
9.482670, 53.933258
9.482851, 53.933235
9.483027, 53.933216
9.483196, 53.933197
9.483355, 53.933182
9.483500, 53.933170
9.483623, 53.933159
9.483729, 53.933144
9.483829, 53.933125
9.483921, 53.933094
9.483992, 53.933056
9.484044, 53.933018
9.484093, 53.932995
9.484143, 53.932976
9.484193, 53.932968
9.484238, 53.932964
9.484283, 53.932964
9.484337, 53.932968
9.484403, 53.932980
9.484475, 53.932999
9.484556, 53.933022
9.484652, 53.933041
9.484760, 53.933041
9.484882, 53.933033
9.485019, 53.933014
9.485165, 53.932999
9.485311, 53.932983
9.485457, 53.932968
9.485608, 53.932957
9.485760, 53.932945
9.485910, 53.932934
9.486058, 53.932919
9.486202, 53.932903
9.486343, 53.932888
9.486481, 53.932873
9.486613, 53.932858
9.486736, 53.932842
9.486842, 53.932835
9.486929, 53.932823
9.486999, 53.932816
9.487049, 53.932808
9.487083, 53.932804
9.487109, 53.932804
9.487125, 53.932800
9.487133, 53.932800
9.487136, 53.932804
9.487136, 53.932804
9.487136, 53.932804
9.487136, 53.932804
9.487136, 53.932804
9.487136, 53.932804
9.487136, 53.932804
9.487151, 53.932800
9.487185, 53.932796
9.487242, 53.932789
9.487320, 53.932781
9.487415, 53.932770
9.487522, 53.932762
9.487638, 53.932751
9.487764, 53.932735
9.487906, 53.932720
9.488060, 53.932705
9.488225, 53.932686
9.488394, 53.932663
9.488568, 53.932644
9.488747, 53.932621
9.488929, 53.932594
9.489116, 53.932564
9.489307, 53.932537
9.489502, 53.932510
9.489697, 53.932487
9.489890, 53.932468
9.490081, 53.932449
9.490270, 53.932430
9.490457, 53.932411
9.490638, 53.932392
9.490813, 53.932373
9.490984, 53.932358
9.491153, 53.932343
9.491320, 53.932331
9.491487, 53.932320
9.491656, 53.932308
9.491831, 53.932293
9.492008, 53.932278
9.492188, 53.932266
9.492370, 53.932251
9.492554, 53.932236
9.492740, 53.932224
9.492928, 53.932213
9.493116, 53.932201
9.493306, 53.932190
9.493498, 53.932178
9.493685, 53.932171
9.493869, 53.932159
9.494053, 53.932152
9.494237, 53.932144
9.494420, 53.932137
9.494605, 53.932133
9.494790, 53.932129
9.494978, 53.932125
9.495168, 53.932117
9.495356, 53.932114
9.495541, 53.932106
9.495723, 53.932102
9.495899, 53.932098
9.496069, 53.932091
9.496226, 53.932087
9.496370, 53.932083
9.496500, 53.932079
9.496607, 53.932076
9.496689, 53.932072
9.496751, 53.932068
9.496801, 53.932068
9.496841, 53.932064
9.496875, 53.932060
9.496900, 53.932060
9.496915, 53.932060
9.496922, 53.932056
9.496926, 53.932056
9.496926, 53.932056
9.496926, 53.932056
9.496926, 53.932056
9.496926, 53.932056
9.496926, 53.932056
9.496926, 53.932056
9.496926, 53.932056
9.496926, 53.932056
9.496926, 53.932056
9.496939, 53.932056
9.496964, 53.932056
9.497006, 53.932053
9.497066, 53.932053
9.497145, 53.932053
9.497239, 53.932049
9.497343, 53.932045
9.497452, 53.932041
9.497566, 53.932037
9.497684, 53.932030
9.497805, 53.932022
9.497931, 53.932018
9.498059, 53.932011
9.498189, 53.932007
9.498319, 53.932003
9.498453, 53.931999
9.498592, 53.931992
9.498731, 53.931988
9.498868, 53.931984
9.499009, 53.931980
9.499156, 53.931980
9.499311, 53.931976
9.499475, 53.931973
9.499645, 53.931969
9.499823, 53.931961
9.500002, 53.931957
9.500182, 53.931953
9.500359, 53.931953
9.500533, 53.931946
9.500707, 53.931934
9.500883, 53.931923
9.501067, 53.931915
9.501256, 53.931911
9.501443, 53.931904
9.501625, 53.931900
9.501805, 53.931900
9.501970, 53.931900
9.502110, 53.931900
9.502225, 53.931896
9.502323, 53.931889
9.502413, 53.931885
9.502494, 53.931885
9.502565, 53.931881
9.502628, 53.931881
9.502687, 53.931877
9.502744, 53.931877
9.502808, 53.931877
9.502882, 53.931873
9.502962, 53.931873
9.503042, 53.931873
9.503119, 53.931873
9.503190, 53.931873
9.503250, 53.931873
9.503297, 53.931873
9.503334, 53.931873
9.503361, 53.931873
9.503375, 53.931873
9.503377, 53.931873
9.503377, 53.931873
9.503377, 53.931873
9.503377, 53.931873
9.503377, 53.931873
9.503377, 53.931873
9.503377, 53.931873
9.503377, 53.931873
9.503390, 53.931873
9.503417, 53.931873
9.503446, 53.931873
9.503474, 53.931873
9.503503, 53.931873
9.503530, 53.931873
9.503556, 53.931873
9.503581, 53.931873
9.503606, 53.931873
9.503628, 53.931873
9.503642, 53.931873
9.503650, 53.931873
9.503655, 53.931873
9.503657, 53.931873
9.503657, 53.931873
9.503657, 53.931873
9.503657, 53.931873
9.503677, 53.931873
9.503712, 53.931873
9.503755, 53.931873
9.503800, 53.931873
9.503844, 53.931870
9.503881, 53.931870
9.503913, 53.931870
9.503945, 53.931866
9.503983, 53.931866
9.504029, 53.931866
9.504082, 53.931866
9.504134, 53.931862
9.504182, 53.931862
9.504223, 53.931862
9.504255, 53.931862
9.504286, 53.931862
9.504318, 53.931862
9.504350, 53.931862
9.504378, 53.931862
9.504401, 53.931862
9.504411, 53.931862
9.504411, 53.931862
9.504411, 53.931862
9.504420, 53.931862
9.504443, 53.931858
9.504472, 53.931858
9.504507, 53.931858
9.504556, 53.931854
9.504605, 53.931850
9.504652, 53.931847
9.504695, 53.931843
9.504731, 53.931839
9.504765, 53.931831
9.504803, 53.931824
9.504855, 53.931808
9.504924, 53.931778
9.505005, 53.931751
9.505104, 53.931736
9.505214, 53.931728
9.505329, 53.931725
9.505445, 53.931709
9.505561, 53.931683
9.505678, 53.931648
9.505803, 53.931614
9.505935, 53.931576
9.506072, 53.931530
9.506214, 53.931484
9.506360, 53.931438
9.506507, 53.931385
9.506652, 53.931324
9.506793, 53.931255
9.506925, 53.931183
9.507051, 53.931110
9.507175, 53.931034
9.507297, 53.930958
9.507415, 53.930882
9.507530, 53.930805
9.507648, 53.930729
9.507762, 53.930656
9.507870, 53.930584
9.507971, 53.930515
9.508066, 53.930447
9.508157, 53.930386
9.508239, 53.930328
9.508308, 53.930279
9.508368, 53.930237
9.508423, 53.930199
9.508473, 53.930164
9.508521, 53.930134
9.508563, 53.930103
9.508595, 53.930077
9.508617, 53.930054
9.508634, 53.930038
9.508643, 53.930027
9.508649, 53.930027
9.508649, 53.930027
9.508649, 53.930027
9.508649, 53.930027
9.508649, 53.930027
9.508649, 53.930027
9.508649, 53.930027
9.508649, 53.930027
9.508649, 53.930027
9.508649, 53.930027
9.508662, 53.930016
9.508679, 53.930004
9.508700, 53.929989
9.508732, 53.929966
9.508770, 53.929939
9.508809, 53.929909
9.508852, 53.929878
9.508908, 53.929836
9.508985, 53.929787
9.509077, 53.929729
9.509178, 53.929661
9.509280, 53.929592
9.509388, 53.929516
9.509503, 53.929436
9.509625, 53.929356
9.509748, 53.929272
9.509870, 53.929192
9.509990, 53.929115
9.510106, 53.929039
9.510221, 53.928967
9.510335, 53.928894
9.510450, 53.928822
9.510567, 53.928753
9.510682, 53.928680
9.510792, 53.928608
9.510900, 53.928535
9.511007, 53.928463
9.511114, 53.928387
9.511228, 53.928310
9.511344, 53.928230
9.511458, 53.928154
9.511571, 53.928078
9.511683, 53.928001
9.511792, 53.927929
9.511894, 53.927856
9.511989, 53.927784
9.512077, 53.927708
9.512150, 53.927639
9.512202, 53.927578
9.512238, 53.927536
9.512267, 53.927509
9.512281, 53.927490
9.512292, 53.927479
9.512296, 53.927471
9.512296, 53.927471
9.512296, 53.927471
9.512296, 53.927471
9.512296, 53.927471
9.512296, 53.927471
9.512296, 53.927471
9.512296, 53.927471
9.512296, 53.927471
9.512296, 53.927471
9.512302, 53.927464
9.512310, 53.927460
9.512316, 53.927456
9.512321, 53.927456
9.512321, 53.927456
9.512321, 53.927456
9.512321, 53.927456
9.512321, 53.927456
9.512324, 53.927448
9.512328, 53.927441
9.512337, 53.927425
9.512352, 53.927399
9.512375, 53.927364
9.512402, 53.927315
9.512430, 53.927261
9.512460, 53.927204
9.512487, 53.927139
9.512515, 53.927078
9.512544, 53.927017
9.512579, 53.926956
9.512610, 53.926895
9.512626, 53.926834
9.512614, 53.926769
9.512574, 53.926708
9.512504, 53.926651
9.512406, 53.926598
9.512291, 53.926540
9.512168, 53.926487
9.512045, 53.926430
9.511925, 53.926376
9.511810, 53.926311
9.511700, 53.926243
9.511597, 53.926174
9.511507, 53.926098
9.511433, 53.926014
9.511372, 53.925922
9.511332, 53.925827
9.511299, 53.925728
9.511271, 53.925629
9.511243, 53.925526
9.511215, 53.925426
9.511189, 53.925327
9.511162, 53.925232
9.511137, 53.925137
9.511110, 53.925041
9.511086, 53.924950
9.511062, 53.924858
9.511036, 53.924767
9.511011, 53.924675
9.510990, 53.924576
9.510972, 53.924477
9.510961, 53.924377
9.510958, 53.924282
9.510958, 53.924187
9.510969, 53.924091
9.510998, 53.923996
9.511043, 53.923904
9.511095, 53.923809
9.511158, 53.923717
9.511231, 53.923622
9.511305, 53.923523
9.511382, 53.923424
9.511461, 53.923325
9.511539, 53.923218
9.511619, 53.923115
9.511698, 53.923008
9.511776, 53.922897
9.511858, 53.922787
9.511942, 53.922676
9.512031, 53.922562
9.512121, 53.922447
9.512213, 53.922329
9.512304, 53.922215
9.512399, 53.922092
9.512492, 53.921974
9.512586, 53.921856
9.512675, 53.921738
9.512759, 53.921619
9.512832, 53.921501
9.512884, 53.921383
9.512918, 53.921265
9.512939, 53.921150
9.512957, 53.921047
9.512969, 53.920956
9.512977, 53.920879
9.512979, 53.920818
9.512980, 53.920780
9.512977, 53.920757
9.512970, 53.920742
9.512966, 53.920731
9.512965, 53.920731
9.512965, 53.920731
9.512965, 53.920731
9.512965, 53.920731
9.512965, 53.920731
9.512965, 53.920731
9.512965, 53.920731
9.512965, 53.920731
9.512965, 53.920731
9.512955, 53.920715
9.512931, 53.920689
9.512890, 53.920654
9.512830, 53.920620
9.512755, 53.920586
9.512663, 53.920567
9.512555, 53.920555
9.512436, 53.920551
9.512312, 53.920544
9.512185, 53.920536
9.512056, 53.920528
9.511925, 53.920521
9.511788, 53.920517
9.511648, 53.920513
9.511518, 53.920513
9.511384, 53.920509
9.511239, 53.920502
9.511100, 53.920502
9.510973, 53.920506
9.510862, 53.920509
9.510772, 53.920509
9.510689, 53.920509
9.510611, 53.920517
9.510541, 53.920525
9.510476, 53.920536
9.510422, 53.920544
9.510372, 53.920551
9.510331, 53.920559
9.510297, 53.920559
9.510271, 53.920559
9.510249, 53.920559
9.510228, 53.920559
9.510198, 53.920567
9.510157, 53.920574
9.510115, 53.920586
9.510073, 53.920601
9.510029, 53.920612
9.509981, 53.920631
9.509933, 53.920647
9.509892, 53.920662
9.509855, 53.920677
9.509824, 53.920700
9.509805, 53.920738
9.509800, 53.920780
9.509793, 53.920830
9.509764, 53.920876
9.509702, 53.920918
9.509616, 53.920944
9.509518, 53.920952
9.509422, 53.920959
9.509336, 53.920982
9.509261, 53.921028
9.509193, 53.921089
9.509125, 53.921169
9.509055, 53.921261
9.508986, 53.921356
9.508916, 53.921452
9.508848, 53.921543
9.508786, 53.921631
9.508727, 53.921719
9.508668, 53.921799
9.508612, 53.921875
9.508559, 53.921947
9.508511, 53.922012
9.508467, 53.922070
9.508430, 53.922123
9.508402, 53.922165
9.508380, 53.922199
9.508361, 53.922222
9.508344, 53.922245
9.508331, 53.922260
9.508322, 53.922276
9.508314, 53.922283
9.508309, 53.922287
9.508309, 53.922287
9.508303, 53.922295
9.508292, 53.922306
9.508275, 53.922333
9.508250, 53.922363
9.508224, 53.922401
9.508197, 53.922440
9.508170, 53.922482
9.508139, 53.922531
9.508102, 53.922585
9.508067, 53.922646
9.508033, 53.922703
9.508001, 53.922764
9.507973, 53.922825
9.507947, 53.922890
9.507922, 53.922962
9.507900, 53.923035
9.507884, 53.923111
9.507874, 53.923187
9.507871, 53.923267
9.507864, 53.923344
9.507851, 53.923424
9.507846, 53.923508
9.507857, 53.923595
9.507879, 53.923683
9.507906, 53.923771
9.507934, 53.923862
9.507965, 53.923958
9.507997, 53.924049
9.508026, 53.924149
9.508058, 53.924244
9.508087, 53.924343
9.508116, 53.924446
9.508145, 53.924549
9.508177, 53.924652
9.508206, 53.924755
9.508235, 53.924862
9.508256, 53.924961
9.508261, 53.925060
9.508245, 53.925156
9.508215, 53.925243
9.508172, 53.925331
9.508115, 53.925407
9.508055, 53.925468
9.508001, 53.925514
9.507957, 53.925549
9.507921, 53.925568
9.507898, 53.925583
9.507882, 53.925594
9.507869, 53.925602
9.507854, 53.925613
9.507840, 53.925625
9.507824, 53.925640
9.507806, 53.925652
9.507781, 53.925674
9.507748, 53.925709
9.507720, 53.925751
9.507706, 53.925793
9.507697, 53.925831
9.507674, 53.925877
9.507625, 53.925919
9.507554, 53.925953
9.507478, 53.925991
9.507404, 53.926037
9.507343, 53.926090
9.507294, 53.926144
9.507251, 53.926193
9.507209, 53.926250
9.507167, 53.926304
9.507128, 53.926353
9.507092, 53.926399
9.507055, 53.926445
9.507015, 53.926491
9.506972, 53.926544
9.506929, 53.926594
9.506888, 53.926647
9.506846, 53.926697
9.506806, 53.926750
9.506770, 53.926804
9.506738, 53.926861
9.506705, 53.926918
9.506675, 53.926971
9.506646, 53.927029
9.506623, 53.927086
9.506615, 53.927143
9.506628, 53.927197
9.506661, 53.927254
9.506711, 53.927315
9.506777, 53.927368
9.506853, 53.927418
9.506943, 53.927464
9.507047, 53.927502
9.507160, 53.927540
9.507277, 53.927582
9.507397, 53.927628
9.507514, 53.927673
9.507627, 53.927727
9.507742, 53.927780
9.507856, 53.927841
9.507965, 53.927898
9.508063, 53.927952
9.508153, 53.928001
9.508230, 53.928043
9.508296, 53.928082
9.508354, 53.928112
9.508403, 53.928143
9.508445, 53.928165
9.508478, 53.928185
9.508510, 53.928200
9.508533, 53.928215
9.508550, 53.928223
9.508557, 53.928226
9.508560, 53.928226
9.508560, 53.928226
9.508560, 53.928226
9.508560, 53.928226
9.508560, 53.928226
9.508560, 53.928226
9.508560, 53.928226
9.508560, 53.928226
9.508560, 53.928226
9.508560, 53.928226
9.508560, 53.928226
9.508560, 53.928226
9.508560, 53.928226
9.508560, 53.928226
9.508560, 53.928226
9.508560, 53.928226
9.508560, 53.928226
9.508560, 53.928226
9.508560, 53.928226
9.508560, 53.928226
9.508560, 53.928226
9.508565, 53.928230
9.508576, 53.928234
9.508591, 53.928242
9.508608, 53.928249
9.508628, 53.928257
9.508649, 53.928268
9.508676, 53.928288
9.508710, 53.928310
9.508743, 53.928333
9.508772, 53.928349
9.508792, 53.928364
9.508804, 53.928375
9.508808, 53.928379
9.508808, 53.928379
9.508808, 53.928379
9.508808, 53.928379
9.508808, 53.928379
9.508808, 53.928379
9.508808, 53.928379
9.508808, 53.928379
9.508808, 53.928379
9.508808, 53.928379
9.508808, 53.928379
9.508808, 53.928379
9.508808, 53.928379
9.508808, 53.928379
9.508808, 53.928379
9.508808, 53.928379
9.508817, 53.928391
9.508830, 53.928402
9.508845, 53.928413
9.508860, 53.928425
9.508871, 53.928432
9.508878, 53.928440
9.508883, 53.928444
9.508883, 53.928444
9.508883, 53.928444
9.508883, 53.928444
9.508883, 53.928444
9.508883, 53.928444
9.508883, 53.928444
9.508912, 53.928463
9.508953, 53.928490
9.508991, 53.928516
9.509024, 53.928543
9.509054, 53.928570
9.509082, 53.928593
9.509106, 53.928616
9.509126, 53.928635
9.509142, 53.928650
9.509152, 53.928661
9.509158, 53.928669
9.509159, 53.928673
9.509159, 53.928673
9.509159, 53.928673
9.509159, 53.928673
9.509159, 53.928673
9.509159, 53.928673
9.509159, 53.928673
9.509159, 53.928673
9.509159, 53.928673
9.509159, 53.928673
9.509159, 53.928673
9.509159, 53.928673
9.509159, 53.928673
9.509159, 53.928673
9.509159, 53.928673
9.509159, 53.928673
9.509159, 53.928673
9.509166, 53.928677
9.509174, 53.928688
9.509189, 53.928696
9.509203, 53.928711
9.509220, 53.928730
9.509238, 53.928745
9.509254, 53.928764
9.509265, 53.928783
9.509275, 53.928802
9.509288, 53.928818
9.509303, 53.928829
9.509315, 53.928841
9.509322, 53.928848
9.509326, 53.928852
9.509326, 53.928852
9.509326, 53.928852
9.509333, 53.928856
9.509339, 53.928860
9.509339, 53.928860
9.509339, 53.928860
9.509339, 53.928860
9.509339, 53.928860
9.509339, 53.928860
9.509339, 53.928860
9.509339, 53.928860
9.509339, 53.928860
9.509339, 53.928860
9.509339, 53.928860
9.509339, 53.928860
9.509339, 53.928860
9.509339, 53.928860
9.509339, 53.928860
9.509339, 53.928860
9.509339, 53.928860
9.509339, 53.928860
9.509339, 53.928860
9.509339, 53.928860
9.509339, 53.928860
9.509339, 53.928860
9.509339, 53.928860
9.509339, 53.928860
9.509339, 53.928860
9.509339, 53.928860
9.509339, 53.928860
9.509339, 53.928860
9.509339, 53.928860
9.509339, 53.928860
9.509339, 53.928860
9.509339, 53.928860
9.509339, 53.928860
9.509339, 53.928860
9.509339, 53.928860
9.509339, 53.928860
9.509339, 53.928860
9.509339, 53.928860
9.509339, 53.928860
9.509339, 53.928860
9.509348, 53.928860
9.509348, 53.928860
9.509348, 53.928860
9.509348, 53.928860
9.509348, 53.928860
9.509348, 53.928860
9.509348, 53.928860
9.509348, 53.928860
9.509348, 53.928860
9.509348, 53.928860
9.509348, 53.928860
9.509348, 53.928860
9.509348, 53.928860
9.509348, 53.928860
9.509348, 53.928860
9.509348, 53.928860
9.509348, 53.928860
9.509348, 53.928860
9.509348, 53.928860
9.509348, 53.928860
9.509348, 53.928860
9.509348, 53.928860
9.509348, 53.928860
9.509348, 53.928860
9.509348, 53.928860
9.509348, 53.928860
9.509348, 53.928860
9.509358, 53.928871
9.509377, 53.928894
9.509406, 53.928921
9.509441, 53.928955
9.509474, 53.928986
9.509501, 53.929012
9.509523, 53.929035
9.509542, 53.929054
9.509558, 53.929066
9.509568, 53.929077
9.509572, 53.929085
9.509571, 53.929085
9.509571, 53.929085
9.509571, 53.929085
9.509571, 53.929085
9.509571, 53.929085
9.509571, 53.929085
9.509571, 53.929085
9.509571, 53.929085
9.509571, 53.929085
9.509571, 53.929085
9.509571, 53.929085
9.509571, 53.929085
9.509571, 53.929085
9.509571, 53.929085
9.509571, 53.929085
9.509571, 53.929085
9.509571, 53.929085
9.509571, 53.929085
9.509571, 53.929085
9.509571, 53.929085
9.509571, 53.929085
9.509571, 53.929085
9.509571, 53.929085
9.509571, 53.929085
9.509571, 53.929085
9.509571, 53.929085
9.509571, 53.929085
9.509571, 53.929085
9.509571, 53.929085
9.509571, 53.929085
9.509571, 53.929085
9.509571, 53.929085
9.509571, 53.929085
9.509571, 53.929085
9.509571, 53.929085
9.509571, 53.929085
9.509571, 53.929085
9.509571, 53.929085
9.509571, 53.929085
9.509571, 53.929085
9.509572, 53.929085
9.509572, 53.929085
9.509572, 53.929085
9.509572, 53.929085
9.509572, 53.929085
9.509572, 53.929085
9.509572, 53.929085
9.509572, 53.929085
9.509572, 53.929085
9.509572, 53.929085
9.509572, 53.929085
9.509572, 53.929085
9.509572, 53.929085
9.509572, 53.929085
9.509572, 53.929085
9.509572, 53.929085
9.509572, 53.929085
9.509572, 53.929085
9.509572, 53.929085
9.509572, 53.929085
9.509572, 53.929085
9.509572, 53.929085
9.509572, 53.929085
9.509572, 53.929085
9.509572, 53.929085
9.509572, 53.929085
9.509572, 53.929085
9.509572, 53.929085
9.509572, 53.929085
9.509572, 53.929085
9.509572, 53.929085
9.509572, 53.929085
9.509572, 53.929085
9.509572, 53.929085
9.509572, 53.929085
9.509574, 53.929092
9.509586, 53.929104
9.509609, 53.929127
9.509645, 53.929157
9.509684, 53.929188
9.509722, 53.929218
9.509757, 53.929253
9.509784, 53.929298
9.509785, 53.929340
9.509763, 53.929386
9.509717, 53.929428
9.509656, 53.929466
9.509589, 53.929508
9.509522, 53.929550
9.509455, 53.929596
9.509386, 53.929638
9.509317, 53.929684
9.509250, 53.929729
9.509183, 53.929771
9.509121, 53.929810
9.509068, 53.929844
9.509021, 53.929874
9.508976, 53.929905
9.508922, 53.929939
9.508865, 53.929977
9.508813, 53.930008
9.508767, 53.930035
9.508727, 53.930058
9.508694, 53.930080
9.508663, 53.930099
9.508636, 53.930119
9.508610, 53.930134
9.508585, 53.930153
9.508559, 53.930168
9.508537, 53.930180
9.508524, 53.930187
9.508515, 53.930191
9.508512, 53.930195
9.508512, 53.930195
9.508512, 53.930195
9.508512, 53.930195
9.508512, 53.930195
9.508492, 53.930206
9.508468, 53.930218
9.508449, 53.930229
9.508431, 53.930241
9.508416, 53.930252
9.508406, 53.930260
9.508399, 53.930267
9.508397, 53.930271
9.508397, 53.930271
9.508397, 53.930271
9.508397, 53.930271
9.508397, 53.930271
9.508397, 53.930271
9.508397, 53.930271
9.508397, 53.930271
9.508397, 53.930271
9.508397, 53.930271
9.508397, 53.930271
9.508397, 53.930271
9.508397, 53.930271
9.508397, 53.930271
9.508397, 53.930271
9.508397, 53.930271
9.508397, 53.930271
9.508397, 53.930271
9.508397, 53.930271
9.508397, 53.930271
9.508397, 53.930271
9.508397, 53.930271
9.508397, 53.930271
9.508397, 53.930271
9.508397, 53.930271
9.508397, 53.930271
9.508397, 53.930271
9.508397, 53.930271
9.508397, 53.930271
9.508397, 53.930271
9.508397, 53.930271
9.508397, 53.930271
9.508397, 53.930271
9.508397, 53.930271
9.508397, 53.930271
9.508397, 53.930271
9.508397, 53.930271
9.508397, 53.930271
9.508397, 53.930271
9.508397, 53.930271
9.508400, 53.930271
9.508400, 53.930271
9.508400, 53.930271
9.508400, 53.930271
9.508400, 53.930271
9.508400, 53.930271
9.508400, 53.930271
9.508400, 53.930271
9.508400, 53.930271
9.508400, 53.930271
9.508400, 53.930271
9.508400, 53.930271
9.508400, 53.930271
9.508400, 53.930271
9.508400, 53.930271
9.508400, 53.930271
9.508400, 53.930271
9.508400, 53.930271
9.508400, 53.930271
9.508385, 53.930283
9.508359, 53.930302
9.508329, 53.930321
9.508299, 53.930340
9.508264, 53.930363
9.508224, 53.930393
9.508183, 53.930420
9.508142, 53.930447
9.508106, 53.930470
9.508069, 53.930496
9.508026, 53.930523
9.507977, 53.930557
9.507919, 53.930595
9.507857, 53.930637
9.507792, 53.930679
9.507724, 53.930725
9.507652, 53.930771
9.507578, 53.930820
9.507504, 53.930870
9.507433, 53.930912
9.507365, 53.930958
9.507301, 53.931000
9.507243, 53.931038
9.507187, 53.931076
9.507134, 53.931110
9.507086, 53.931141
9.507041, 53.931168
9.507001, 53.931194
9.506965, 53.931217
9.506935, 53.931236
9.506913, 53.931248
9.506890, 53.931259
9.506866, 53.931274
9.506839, 53.931286
9.506807, 53.931301
9.506777, 53.931316
9.506746, 53.931332
9.506715, 53.931343
9.506685, 53.931358
9.506665, 53.931366
9.506658, 53.931370
9.506656, 53.931370
9.506656, 53.931370
9.506656, 53.931370
9.506656, 53.931370
9.506656, 53.931370
9.506634, 53.931381
9.506594, 53.931396
9.506546, 53.931412
9.506496, 53.931431
9.506449, 53.931446
9.506404, 53.931461
9.506362, 53.931473
9.506321, 53.931484
9.506282, 53.931496
9.506243, 53.931507
9.506203, 53.931519
9.506159, 53.931530
9.506110, 53.931545
9.506062, 53.931561
9.506015, 53.931572
9.505969, 53.931587
9.505929, 53.931599
9.505890, 53.931610
9.505844, 53.931625
9.505795, 53.931637
9.505748, 53.931652
9.505707, 53.931667
9.505672, 53.931679
9.505643, 53.931690
9.505612, 53.931705
9.505575, 53.931721
9.505538, 53.931732
9.505512, 53.931744
9.505494, 53.931751
9.505472, 53.931759
9.505440, 53.931778
9.505399, 53.931805
9.505354, 53.931835
9.505295, 53.931866
9.505225, 53.931892
9.505160, 53.931915
9.505103, 53.931938
9.505048, 53.931976
9.504991, 53.932026
9.504926, 53.932083
9.504856, 53.932144
9.504786, 53.932209
9.504714, 53.932270
9.504644, 53.932335
9.504573, 53.932400
9.504504, 53.932461
9.504438, 53.932518
9.504375, 53.932575
9.504315, 53.932629
9.504259, 53.932682
9.504207, 53.932728
9.504168, 53.932762
9.504135, 53.932793
9.504105, 53.932816
9.504079, 53.932835
9.504059, 53.932850
9.504048, 53.932861
9.504041, 53.932869
9.504034, 53.932873
9.504032, 53.932873
9.504032, 53.932873
9.504032, 53.932873
9.504024, 53.932880
9.504007, 53.932892
9.503987, 53.932907
9.503959, 53.932934
9.503922, 53.932964
9.503879, 53.933006
9.503829, 53.933052
9.503778, 53.933094
9.503729, 53.933140
9.503676, 53.933186
9.503619, 53.933239
9.503555, 53.933296
9.503485, 53.933361
9.503412, 53.933426
9.503338, 53.933491
9.503263, 53.933559
9.503187, 53.933628
9.503111, 53.933701
9.503037, 53.933769
9.502961, 53.933838
9.502882, 53.933910
9.502801, 53.933983
9.502723, 53.934052
9.502647, 53.934120
9.502577, 53.934181
9.502510, 53.934242
9.502449, 53.934296
9.502394, 53.934349
9.502343, 53.934399
9.502301, 53.934448
9.502265, 53.934494
9.502230, 53.934544
9.502193, 53.934597
9.502159, 53.934643
9.502130, 53.934681
9.502101, 53.934723
9.502073, 53.934761
9.502042, 53.934803
9.502001, 53.934856
9.501952, 53.934914
9.501900, 53.934982
9.501840, 53.935051
9.501774, 53.935135
9.501699, 53.935223
9.501622, 53.935314
9.501544, 53.935406
9.501461, 53.935497
9.501376, 53.935585
9.501284, 53.935669
9.501185, 53.935760
9.501086, 53.935848
9.500985, 53.935936
9.500883, 53.936024
9.500778, 53.936111
9.500670, 53.936195
9.500558, 53.936275
9.500443, 53.936356
9.500328, 53.936436
9.500213, 53.936512
9.500096, 53.936584
9.499978, 53.936661
9.499859, 53.936737
9.499741, 53.936817
9.499619, 53.936893
9.499497, 53.936970
9.499372, 53.937046
9.499249, 53.937126
9.499127, 53.937206
9.499010, 53.937286
9.498898, 53.937374
9.498792, 53.937462
9.498694, 53.937553
9.498605, 53.937645
9.498521, 53.937740
9.498444, 53.937836
9.498370, 53.937931
9.498303, 53.938026
9.498245, 53.938122
9.498189, 53.938221
9.498138, 53.938316
9.498086, 53.938416
9.498034, 53.938511
9.497979, 53.938606
9.497926, 53.938702
9.497869, 53.938801
9.497816, 53.938900
9.497765, 53.938999
9.497716, 53.939095
9.497673, 53.939190
9.497634, 53.939274
9.497603, 53.939350
9.497575, 53.939419
9.497551, 53.939480
9.497529, 53.939537
9.497510, 53.939587
9.497493, 53.939632
9.497476, 53.939674
9.497460, 53.939709
9.497451, 53.939743
9.497440, 53.939770
9.497434, 53.939796
9.497428, 53.939812
9.497425, 53.939819
9.497426, 53.939823
9.497426, 53.939823
9.497426, 53.939823
9.497426, 53.939823
9.497422, 53.939838
9.497416, 53.939857
9.497405, 53.939884
9.497392, 53.939919
9.497376, 53.939957
9.497360, 53.939999
9.497345, 53.940037
9.497330, 53.940071
9.497313, 53.940113
9.497294, 53.940163
9.497276, 53.940212
9.497261, 53.940258
9.497248, 53.940308
9.497234, 53.940361
9.497219, 53.940414
9.497206, 53.940464
9.497199, 53.940506
9.497191, 53.940552
9.497183, 53.940620
9.497173, 53.940708
9.497161, 53.940823
9.497143, 53.940948
9.497121, 53.941082
9.497104, 53.941212
9.497094, 53.941345
9.497092, 53.941479
9.497092, 53.941608
9.497091, 53.941742
9.497089, 53.941872
9.497085, 53.941998
9.497081, 53.942127
9.497076, 53.942253
9.497068, 53.942383
9.497046, 53.942509
9.497005, 53.942638
9.496946, 53.942764
9.496875, 53.942890
9.496791, 53.943016
9.496697, 53.943138
9.496601, 53.943260
9.496505, 53.943382
9.496412, 53.943501
9.496317, 53.943619
9.496222, 53.943737
9.496127, 53.943855
9.496035, 53.943966
9.495940, 53.944084
9.495846, 53.944199
9.495753, 53.944313
9.495661, 53.944431
9.495569, 53.944546
9.495476, 53.944660
9.495382, 53.944775
9.495290, 53.944889
9.495199, 53.945000
9.495107, 53.945114
9.495014, 53.945229
9.494925, 53.945343
9.494841, 53.945457
9.494763, 53.945572
9.494694, 53.945690
9.494628, 53.945808
9.494567, 53.945927
9.494511, 53.946045
9.494460, 53.946167
9.494418, 53.946285
9.494382, 53.946404
9.494350, 53.946518
9.494329, 53.946632
9.494311, 53.946743
9.494297, 53.946857
9.494288, 53.946972
9.494289, 53.947090
9.494296, 53.947205
9.494306, 53.947319
9.494314, 53.947433
9.494322, 53.947548
9.494330, 53.947659
9.494339, 53.947773
9.494348, 53.947887
9.494356, 53.948006
9.494365, 53.948120
9.494378, 53.948238
9.494391, 53.948353
9.494400, 53.948467
9.494407, 53.948582
9.494414, 53.948692
9.494418, 53.948799
9.494422, 53.948906
9.494425, 53.949009
9.494430, 53.949112
9.494433, 53.949211
9.494436, 53.949310
9.494442, 53.949406
9.494447, 53.949501
9.494458, 53.949589
9.494481, 53.949673
9.494507, 53.949745
9.494523, 53.949810
9.494530, 53.949863
9.494534, 53.949902
9.494537, 53.949932
9.494539, 53.949951
9.494540, 53.949959
9.494539, 53.949963
9.494539, 53.949963
9.494539, 53.949963
9.494539, 53.949963
9.494539, 53.949963
9.494539, 53.949963
9.494539, 53.949963
9.494539, 53.949963
9.494539, 53.949963
9.494539, 53.949963
9.494538, 53.949978
9.494538, 53.950005
9.494535, 53.950043
9.494536, 53.950089
9.494537, 53.950134
9.494541, 53.950191
9.494548, 53.950249
9.494555, 53.950314
9.494562, 53.950382
9.494564, 53.950455
9.494563, 53.950531
9.494561, 53.950607
9.494557, 53.950687
9.494550, 53.950760
9.494534, 53.950840
9.494512, 53.950916
9.494500, 53.950996
9.494496, 53.951080
9.494494, 53.951168
9.494489, 53.951260
9.494481, 53.951355
9.494473, 53.951454
9.494455, 53.951557
9.494434, 53.951672
9.494411, 53.951794
9.494387, 53.951920
9.494366, 53.952049
9.494343, 53.952179
9.494321, 53.952316
9.494299, 53.952457
9.494277, 53.952602
9.494254, 53.952747
9.494232, 53.952892
9.494210, 53.953041
9.494187, 53.953194
9.494164, 53.953350
9.494139, 53.953503
9.494111, 53.953659
9.494078, 53.953812
9.494032, 53.953964
9.493976, 53.954117
9.493909, 53.954266
9.493838, 53.954411
9.493770, 53.954548
9.493703, 53.954674
9.493643, 53.954788
9.493591, 53.954887
9.493546, 53.954975
9.493509, 53.955048
9.493484, 53.955105
9.493464, 53.955154
9.493449, 53.955193
9.493438, 53.955219
9.493429, 53.955231
9.493426, 53.955235
9.493426, 53.955235
9.493426, 53.955235
9.493426, 53.955235
9.493426, 53.955235
9.493426, 53.955235
9.493426, 53.955235
9.493426, 53.955235
9.493426, 53.955235
9.493426, 53.955235
9.493424, 53.955242
9.493418, 53.955257
9.493400, 53.955288
9.493374, 53.955334
9.493340, 53.955399
9.493296, 53.955482
9.493239, 53.955585
9.493174, 53.955704
9.493103, 53.955826
9.493038, 53.955952
9.492987, 53.956078
9.492948, 53.956200
9.492914, 53.956322
9.492888, 53.956425
9.492872, 53.956520
9.492858, 53.956596
9.492847, 53.956657
9.492841, 53.956703
9.492834, 53.956741
9.492829, 53.956764
9.492828, 53.956783
9.492829, 53.956799
9.492822, 53.956818
9.492791, 53.956841
9.492730, 53.956867
9.492641, 53.956879
9.492527, 53.956882
9.492394, 53.956879
9.492248, 53.956879
9.492084, 53.956886
9.491904, 53.956894
9.491713, 53.956905
9.491511, 53.956913
9.491302, 53.956921
9.491090, 53.956928
9.490876, 53.956932
9.490669, 53.956940
9.490469, 53.956944
9.490272, 53.956947
9.490074, 53.956955
9.489876, 53.956963
9.489675, 53.956970
9.489470, 53.956982
9.489259, 53.956989
9.489045, 53.957001
9.488830, 53.957008
9.488614, 53.957012
9.488400, 53.957020
9.488189, 53.957027
9.487977, 53.957035
9.487767, 53.957043
9.487567, 53.957047
9.487378, 53.957050
9.487202, 53.957047
9.487049, 53.957039
9.486920, 53.957031
9.486812, 53.957035
9.486721, 53.957054
9.486649, 53.957092
9.486595, 53.957146
9.486560, 53.957207
9.486528, 53.957283
9.486501, 53.957371
9.486485, 53.957466
9.486485, 53.957561
9.486508, 53.957657
9.486560, 53.957745
9.486640, 53.957829
9.486734, 53.957901
9.486817, 53.957970
9.486894, 53.958027
9.486958, 53.958080
9.486990, 53.958130
9.486984, 53.958168
9.486954, 53.958195
9.486911, 53.958214
9.486849, 53.958237
9.486766, 53.958263
9.486675, 53.958298
9.486585, 53.958328
9.486491, 53.958363
9.486398, 53.958393
9.486307, 53.958427
9.486220, 53.958458
9.486136, 53.958488
9.486055, 53.958511
9.485979, 53.958515
9.485914, 53.958504
9.485869, 53.958481
9.485828, 53.958458
9.485772, 53.958447
9.485706, 53.958447
9.485646, 53.958454
9.485594, 53.958466
9.485565, 53.958485
9.485569, 53.958508
9.485582, 53.958523
9.485596, 53.958530
9.485602, 53.958534
9.485612, 53.958542
9.485612, 53.958542
9.485612, 53.958542
9.485612, 53.958542
9.485612, 53.958542
9.485612, 53.958542
9.485612, 53.958542
9.485612, 53.958542
9.485612, 53.958542
9.485612, 53.958542
9.485612, 53.958542
9.485612, 53.958542
9.485612, 53.958542
